MVC,Weight,MVC Avg,Relative Activation (%)
MVC 1,Weight 1,1488.8774572704162,99.48825913385289
MVC 2,Weight 2,1486.2530562895795,99.7265849275804
MVC 3,Weight 3,1490.8635383774986,99.2119739434993
